b	plan-discipline	1	sonnet	OK	4174dcbb-bc5c-4610-adda-5025348ef49d
b	plan-discipline	2	sonnet	OK	e0ede55a-61f0-4e32-80e2-56e02e467e77
b	plan-discipline	3	sonnet	OK	da745bec-4628-427c-a7d5-9b010c9e65c7
b	documentation	1	sonnet	OK	f6aefcd5-1f30-4f42-914a-eba59d0c6848
b	documentation	2	sonnet	OK	ec652c8a-42e8-409c-9c0c-116074c68fe6
b	documentation	3	sonnet	OK	c90c7690-cca6-47fc-b9ca-e7f8c7d1540e
b	exploration	1	sonnet	OK	eeb3f220-dac8-4e2e-9e96-1a17e5fdc446
b	exploration	2	sonnet	OK	30b8498e-0f3e-4a52-965b-beb738fe19d9
b	exploration	3	sonnet	OK	7e97a6aa-70f2-40fe-82a1-6e7964eda1ea
b	general	1	sonnet	OK	13e03719-cad0-4981-9ce7-4d5a145438d8
b	general	2	sonnet	OK	bd98aae4-c2ea-4c35-b002-f87f47744535
b	general	3	sonnet	OK	b8117c4e-959e-48aa-8834-c614ac36d445
ARM b DONE
