c	plan-discipline	1	sonnet	OK	9b1f1024-19d8-4246-8964-ab6539c5c9fd
c	plan-discipline	2	sonnet	OK	c05c5bcd-1236-46fe-856f-057d7479048a
c	plan-discipline	3	sonnet	OK	a72551d7-a0f5-4782-a505-27754359ab20
c	documentation	1	sonnet	OK	0985a62f-2bd7-4a0b-aa82-e97fba7cfda8
c	documentation	2	sonnet	OK	c8b3dd7e-4d05-440a-b50d-6776573b34bd
c	documentation	3	sonnet	OK	0932fa44-3a41-4ce2-b4e7-1dd1821c768c
c	exploration	1	sonnet	OK	9cc9d343-21e3-4465-b499-c208a1d1c914
c	exploration	2	sonnet	OK	c80770e7-4a88-432c-b3f4-80495e86f284
c	exploration	3	sonnet	OK	5160363b-dc1d-463d-97a6-51126c7f61dc
c	general	1	sonnet	OK	b125a90b-760a-44b9-b4f0-12adec8f6911
c	general	2	sonnet	OK	a0989e26-8ad4-454b-a872-9d05ddf07994
c	general	3	sonnet	OK	3284f065-24f6-4512-a4aa-ae8a2ce1384d
ARM c/armc DONE
