b	documentation	1	sonnet	OK	97cd1373-0c93-4e2c-a4a2-d47c1614b9b4
b	documentation	2	sonnet	OK	2adcd91c-4f14-45cb-bfbd-efdffabcdd1f
b	documentation	3	sonnet	OK	8b81773c-6e4f-40ca-8f61-f8ce37f26915
b	exploration	1	sonnet	OK	ef5296aa-dcf4-4f55-a0b0-205c424906a1
b	exploration	2	sonnet	OK	9bc481ee-2709-4a61-9f69-28c2dc083df1
b	exploration	3	sonnet	OK	050ab17e-c9a5-4b5b-9d78-c1b2803c5c84
b	general	1	sonnet	OK	f2c0168e-6717-47a0-9e90-4f0212127af2
b	general	2	sonnet	OK	226b9343-c630-4d19-bcbd-b3274f002431
b	general	3	sonnet	OK	5098cba0-beae-4ba4-af8b-85a1d47821ea
ARM b/rerun DONE
