a	plan-discipline	1	sonnet	OK	83c845f9-d406-4198-b6c4-ff051356c533
a	plan-discipline	2	sonnet	OK	70226569-28f8-47a9-8e3c-ef1de2d572b0
a	plan-discipline	3	sonnet	OK	dc6001d2-0868-46f9-a6ef-aae4df66a5ae
a	documentation	1	sonnet	OK	9d5f75d0-4342-4e46-87d2-dd7d0d22f9c2
a	documentation	2	sonnet	OK	386096a8-4c78-43c4-aff7-f5a5c8dde1ca
a	documentation	3	sonnet	OK	45e40dcd-4782-4b04-894b-cfea8800e8e7
a	exploration	1	sonnet	OK	2c066049-ebd9-4ef1-b3fb-7046089226a9
a	exploration	2	sonnet	OK	565a312d-7d21-41be-8242-f9573d7e5334
a	exploration	3	sonnet	OK	4ed95422-c979-4904-a32c-519667d980d6
a	general	1	sonnet	OK	7459fcaa-b8c2-4f7b-a2d6-3648648313d2
a	general	2	sonnet	OK	a4b4557d-6af3-4928-adad-3a3fa5fb184a
a	general	3	sonnet	OK	d70c585e-a504-4624-8984-56dc18e4f9bb
ARM a DONE
