a	plan-discipline	3	sonnet	OK	b8ea19c8-07e0-4ff3-bede-3b45ea429353
a	documentation	1	sonnet	OK	82f2bc1c-9d33-4a26-9a5f-4b33e197c221
a	documentation	2	sonnet	OK	4a6f89cf-3b24-41d8-8ede-a8fad8ab049b
a	documentation	3	sonnet	OK	1382ba3d-6c9e-4db2-89ab-884fe4814bcd
a	exploration	1	sonnet	OK	776adf56-664f-4cf5-b465-90de2fdfdbce
a	exploration	2	sonnet	OK	1a1ef314-6a8e-4812-aaff-79f17caebb78
a	exploration	3	sonnet	OK	daab888a-4d59-46d1-99ed-27cb5f7158d1
a	general	1	sonnet	OK	61400096-cb18-4c3b-a716-9eb35ba08907
a	general	2	sonnet	OK	a5834466-4726-4c52-9039-ac442fbfb1e1
a	general	3	sonnet	OK	4eb52be6-d4bf-411b-9121-8997326d8ec6
ARM a/rerun DONE
